ZIP Code,County,county updated,Land Area (Sq. Meters),Land Area (Sq. Miles),Land Area (Sq. Kilometers)
6390,Suffolk County,Suffolk County,10556000,4,11
10001,New York County,New York County,1609400,1,2
10002,New York County,New York County,2277670,1,2
10003,New York County,New York County,1493000,1,1
10004,New York County,New York County,1449740,1,1
10005,New York County,New York County,190416,0,0
10006,New York County,New York County,237784,0,0
10007,New York County,New York County,423358,0,0
10009,New York County,New York County,1596980,1,2
10010,New York County,New York County,1011820,0,1
10011,New York County,New York County,1705240,1,2
10012,New York County,New York County,837301,0,1
10013,New York County,New York County,1430440,1,1
10014,New York County,New York County,1474950,1,1
10016,New York County,New York County,1378330,1,1
10017,New York County,New York County,829152,0,1
10018,New York County,New York County,833392,0,1
10019,New York County,New York County,1761260,1,2
10020,New York County,New York County,71560,0,0
10021,New York County,New York County,1002600,0,1
10022,New York County,New York County,1130200,0,1
10023,New York County,New York County,1270410,0,1
10024,New York County,New York County,2221830,1,2
10025,New York County,New York County,1946720,1,2
10026,New York County,New York County,860745,0,1
10027,New York County,New York County,2257090,1,2
10028,New York County,New York County,813698,0,1
10029,New York County,New York County,2136940,1,2
10030,New York County,New York County,722465,0,1
10031,New York County,New York County,1685540,1,2
10032,New York County,New York County,1702840,1,2
10033,New York County,New York County,1565760,1,2
10034,New York County,New York County,2917180,1,3
10035,New York County,New York County,3616220,1,4
10036,New York County,New York County,1148110,0,1
10037,New York County,New York County,683722,0,1
10038,New York County,New York County,770757,0,1
10039,New York County,New York County,1199360,0,1
10040,New York County,New York County,976162,0,1
10044,New York County,New York County,625938,0,1
10065,New York County,New York County,1000540,0,1
10069,New York County,New York County,269802,0,0
10075,New York County,New York County,477958,0,0
10103,New York County,New York County,24776,0,0
10110,New York County,New York County,26711,0,0
10111,New York County,New York County,9576,0,0
10112,New York County,New York County,15253,0,0
10115,New York County,New York County,6618,0,0
10119,New York County,New York County,42613,0,0
10128,New York County,New York County,1219020,0,1
10152,New York County,New York County,12423,0,0
10153,New York County,New York County,12281,0,0
10154,New York County,New York County,12382,0,0
10162,New York County,New York County,29442,0,0
10165,New York County,New York County,13058,0,0
10167,New York County,New York County,12396,0,0
10168,New York County,New York County,13211,0,0
10169,New York County,New York County,9924,0,0
10170,New York County,New York County,24921,0,0
10171,New York County,New York County,12470,0,0
10172,New York County,New York County,12415,0,0
10173,New York County,New York County,12297,0,0
10174,New York County,New York County,13224,0,0
10177,New York County,New York County,5421,0,0
10199,New York County,New York County,66729,0,0
10271,New York County,New York County,6779,0,0
10278,New York County,New York County,33630,0,0
10279,New York County,New York County,10805,0,0
10280,New York County,New York County,358650,0,0
10282,New York County,New York County,226578,0,0
10301,Richmond County,Richmond County,9476760,4,9
10302,Richmond County,Richmond County,3093430,1,3
10303,Richmond County,Richmond County,8125460,3,8
10304,Richmond County,Richmond County,10035700,4,10
10305,Richmond County,Richmond County,11012000,4,11
10306,Richmond County,Richmond County,19355200,7,19
10307,Richmond County,Richmond County,5082130,2,5
10308,Richmond County,Richmond County,5110510,2,5
10309,Richmond County,Richmond County,17402200,7,17
10310,Richmond County,Richmond County,4650150,2,5
10311,Richmond County,Richmond County,122886,0,0
10312,Richmond County,Richmond County,19887900,8,20
10314,Richmond County,Richmond County,35520700,14,36
10451,Bronx County,Bronx County,2628490,1,3
10452,Bronx County,Bronx County,2550150,1,3
10453,Bronx County,Bronx County,2372410,1,2
10454,Bronx County,Bronx County,2699700,1,3
10455,Bronx County,Bronx County,1844520,1,2
10456,Bronx County,Bronx County,2637790,1,3
10457,Bronx County,Bronx County,2748730,1,3
10458,Bronx County,Bronx County,2613250,1,3
10459,Bronx County,Bronx County,2115930,1,2
10460,Bronx County,Bronx County,3407080,1,3
10461,Bronx County,Bronx County,6215150,2,6
10462,Bronx County,Bronx County,3833090,1,4
10463,"Bronx County , New York County",Bronx County,3745410,1,4
10464,Bronx County,Bronx County,9070630,4,9
10465,Bronx County,Bronx County,8882830,3,9
10466,Bronx County,Bronx County,5227060,2,5
10467,Bronx County,Bronx County,6035760,2,6
10468,Bronx County,Bronx County,2784850,1,3
10469,Bronx County,Bronx County,6414680,2,6
10470,Bronx County,Bronx County,3689950,1,4
10471,Bronx County,Bronx County,6687170,3,7
10472,Bronx County,Bronx County,2720840,1,3
10473,Bronx County,Bronx County,5645600,2,6
10474,Bronx County,Bronx County,3970900,2,4
10475,Bronx County,Bronx County,4463110,2,4
10502,Westchester County,Westchester County,5491260,2,5
10503,Westchester County,Westchester County,38497,0,0
10504,Westchester County,Westchester County,42167000,16,42
10505,Westchester County,Westchester County,1689630,1,2
10506,Westchester County,Westchester County,42345200,16,42
10507,Westchester County,Westchester County,18925700,7,19
10509,"Putnam County , Westchester County",Putnam County,93497200,36,93
10510,Westchester County,Westchester County,25699200,10,26
10511,Westchester County,Westchester County,3796930,1,4
10512,Putnam County,Putnam County,141306000,55,141
10514,Westchester County,Westchester County,33207900,13,33
10516,Putnam County,Putnam County,81618000,32,82
10520,Westchester County,Westchester County,35632000,14,36
10522,Westchester County,Westchester County,6291700,2,6
10523,Westchester County,Westchester County,9347440,4,9
10526,Westchester County,Westchester County,8528950,3,9
10528,Westchester County,Westchester County,9910760,4,10
10530,Westchester County,Westchester County,9913590,4,10
10532,Westchester County,Westchester County,4834530,2,5
10533,Westchester County,Westchester County,9207500,4,9
10535,Westchester County,Westchester County,1169780,0,1
10536,Westchester County,Westchester County,66377300,26,66
10538,Westchester County,Westchester County,9309980,4,9
10541,"Putnam County , Westchester County",Putnam County,64465300,25,64
10543,Westchester County,Westchester County,10581300,4,11
10547,Westchester County,Westchester County,13120800,5,13
10548,Westchester County,Westchester County,6067790,2,6
10549,Westchester County,Westchester County,49697600,19,50
10550,Westchester County,Westchester County,5145600,2,5
10552,Westchester County,Westchester County,4291820,2,4
10553,Westchester County,Westchester County,1790570,1,2
10560,Westchester County,Westchester County,54013600,21,54
10562,Westchester County,Westchester County,35699600,14,36
10566,Westchester County,Westchester County,11322900,4,11
10567,Westchester County,Westchester County,57335300,22,57
10570,Westchester County,Westchester County,16882800,7,17
10573,Westchester County,Westchester County,14183500,5,14
10576,Westchester County,Westchester County,58277900,23,58
10577,Westchester County,Westchester County,17397500,7,17
10580,Westchester County,Westchester County,21974300,8,22
10583,Westchester County,Westchester County,32018600,12,32
10588,"Putnam County , Westchester County",Putnam County,5169910,2,5
10589,Westchester County,Westchester County,20708900,8,21
10591,Westchester County,Westchester County,25614400,10,26
10594,Westchester County,Westchester County,6487420,3,6
10595,Westchester County,Westchester County,15473600,6,15
10596,Westchester County,Westchester County,1611720,1,2
10598,Westchester County,Westchester County,68620400,26,69
10601,Westchester County,Westchester County,1640100,1,2
10603,Westchester County,Westchester County,8520510,3,9
10604,Westchester County,Westchester County,17645700,7,18
10605,Westchester County,Westchester County,13158300,5,13
10606,Westchester County,Westchester County,3912510,2,4
10607,Westchester County,Westchester County,5752850,2,6
10701,Westchester County,Westchester County,10940500,4,11
10703,Westchester County,Westchester County,4563140,2,5
10704,Westchester County,Westchester County,6918810,3,7
10705,Westchester County,Westchester County,5732010,2,6
10706,Westchester County,Westchester County,7494740,3,7
10707,Westchester County,Westchester County,3363600,1,3
10708,Westchester County,Westchester County,7972300,3,8
10709,Westchester County,Westchester County,3529310,1,4
10710,Westchester County,Westchester County,11863700,5,12
10801,Westchester County,Westchester County,8850510,3,9
10803,Westchester County,Westchester County,5668100,2,6
10804,Westchester County,Westchester County,11225000,4,11
10805,Westchester County,Westchester County,4469020,2,4
10901,Rockland County,Rockland County,46615200,18,47
10913,Rockland County,Rockland County,10695400,4,11
10917,Orange County,Orange County,9624010,4,10
10918,Orange County,Orange County,85261700,33,85
10920,Rockland County,Rockland County,10814600,4,11
10921,Orange County,Orange County,21008700,8,21
10922,Orange County,Orange County,5889710,2,6
10923,Rockland County,Rockland County,5093740,2,5
10924,Orange County,Orange County,99312600,38,99
10925,Orange County,Orange County,10076800,4,10
10926,Orange County,Orange County,13426600,5,13
10927,Rockland County,Rockland County,5092350,2,5
10928,Orange County,Orange County,14096100,5,14
10930,Orange County,Orange County,35938300,14,36
10931,Rockland County,Rockland County,16606700,6,17
10940,"Orange County , Sullivan County",Orange County,168072000,65,168
10941,Orange County,Orange County,82948400,32,83
10950,Orange County,Orange County,94268100,36,94
10952,Rockland County,Rockland County,23654100,9,24
10954,Rockland County,Rockland County,17821000,7,18
10956,Rockland County,Rockland County,41890600,16,42
10960,Rockland County,Rockland County,10862400,4,11
10962,Rockland County,Rockland County,15184100,6,15
10963,Orange County,Orange County,32820300,13,33
10964,Rockland County,Rockland County,6388180,2,6
10965,Rockland County,Rockland County,13609000,5,14
10968,Rockland County,Rockland County,1504350,1,2
10970,Rockland County,Rockland County,35657000,14,36
10974,Rockland County,Rockland County,24125800,9,24
10976,Rockland County,Rockland County,2973730,1,3
10977,Rockland County,Rockland County,28751000,11,29
10980,Rockland County,Rockland County,63144300,24,63
10983,Rockland County,Rockland County,5280100,2,5
10984,Rockland County,Rockland County,4149730,2,4
10987,Orange County,Orange County,96140100,37,96
10988,Orange County,Orange County,8156720,3,8
10989,Rockland County,Rockland County,12780700,5,13
10990,Orange County,Orange County,157658000,61,158
10992,Orange County,Orange County,28725100,11,29
10993,Rockland County,Rockland County,2994240,1,3
10994,Rockland County,Rockland County,15831300,6,16
10996,Orange County,Orange County,8390530,3,8
11001,"Nassau County , Queens County",Nassau County,5775030,2,6
11003,"Nassau County , Queens County",Nassau County,10723300,4,11
11004,Queens County,Queens County,2460790,1,2
11005,Queens County,Queens County,472584,0,0
11010,Nassau County,Nassau County,6151540,2,6
11020,Nassau County,Nassau County,5085560,2,5
11021,Nassau County,Nassau County,6054700,2,6
11023,Nassau County,Nassau County,4289290,2,4
11024,Nassau County,Nassau County,9127290,4,9
11030,Nassau County,Nassau County,17284700,7,17
11040,"Nassau County , Queens County",Nassau County,12388400,5,12
11042,Nassau County,Nassau County,1527080,1,2
11050,Nassau County,Nassau County,25877500,10,26
11096,Nassau County,Nassau County,3165330,1,3
11101,Queens County,Queens County,6773850,3,7
11102,Queens County,Queens County,2092160,1,2
11103,Queens County,Queens County,1841680,1,2
11104,Queens County,Queens County,1010090,0,1
11105,Queens County,Queens County,4226730,2,4
11106,Queens County,Queens County,2219780,1,2
11109,Queens County,Queens County,103922,0,0
11201,Kings County,Kings County,3680350,1,4
11203,Kings County,Kings County,5557080,2,6
11204,Kings County,Kings County,4115360,2,4
11205,Kings County,Kings County,2459480,1,2
11206,Kings County,Kings County,3715220,1,4
11207,Kings County,Kings County,6917450,3,7
11208,Kings County,Kings County,8951520,3,9
11209,Kings County,Kings County,5599870,2,6
11210,Kings County,Kings County,4250380,2,4
11211,Kings County,Kings County,5952760,2,6
11212,Kings County,Kings County,3983220,2,4
11213,Kings County,Kings County,2825710,1,3
11214,Kings County,Kings County,5658760,2,6
11215,Kings County,Kings County,5641350,2,6
11216,Kings County,Kings County,2422750,1,2
11217,Kings County,Kings County,1944330,1,2
11218,Kings County,Kings County,3699260,1,4
11219,Kings County,Kings County,3838520,1,4
11220,Kings County,Kings County,4639240,2,5
11221,Kings County,Kings County,3582800,1,4
11222,Kings County,Kings County,3947640,2,4
11223,Kings County,Kings County,5372270,2,5
11224,Kings County,Kings County,3999170,2,4
11225,Kings County,Kings County,2289250,1,2
11226,Kings County,Kings County,3339500,1,3
11228,Kings County,Kings County,3807130,1,4
11229,Kings County,Kings County,5611290,2,6
11230,Kings County,Kings County,4765010,2,5
11231,Kings County,Kings County,3683320,1,4
11232,Kings County,Kings County,3323380,1,3
11233,Kings County,Kings County,3491030,1,3
11234,Kings County,Kings County,19547800,8,20
11235,Kings County,Kings County,5816300,2,6
11236,Kings County,Kings County,9311390,4,9
11237,Kings County,Kings County,2537580,1,3
11238,Kings County,Kings County,2863620,1,3
11239,Kings County,Kings County,1477970,1,1
11351,Queens County,Queens County,7592,0,0
11354,Queens County,Queens County,5612650,2,6
11355,Queens County,Queens County,4493720,2,4
11356,Queens County,Queens County,4069870,2,4
11357,Queens County,Queens County,7256740,3,7
11358,Queens County,Queens County,5048950,2,5
11359,Queens County,Queens County,636668,0,1
11360,Queens County,Queens County,3691090,1,4
11361,Queens County,Queens County,4553960,2,5
11362,Queens County,Queens County,6518630,3,7
11363,Queens County,Queens County,2249600,1,2
11364,Queens County,Queens County,6386920,2,6
11365,Queens County,Queens County,6466310,2,6
11366,Queens County,Queens County,2835020,1,3
11367,Queens County,Queens County,6162140,2,6
11368,Queens County,Queens County,6816710,3,7
11369,Queens County,Queens County,2765090,1,3
11370,"Bronx County , Queens County",Bronx County,3684370,1,4
11371,Queens County,Queens County,2602750,1,3
11372,Queens County,Queens County,1909990,1,2
11373,Queens County,Queens County,3956010,2,4
11374,Queens County,Queens County,2419930,1,2
11375,Queens County,Queens County,5129160,2,5
11377,Queens County,Queens County,6595690,3,7
11378,Queens County,Queens County,6614590,3,7
11379,Queens County,Queens County,5372960,2,5
11385,Queens County,Queens County,9357000,4,9
11411,Queens County,Queens County,3027440,1,3
11412,Queens County,Queens County,4264330,2,4
11413,Queens County,Queens County,8028310,3,8
11414,Queens County,Queens County,5956110,2,6
11415,Queens County,Queens County,1471500,1,1
11416,Queens County,Queens County,1724070,1,2
11417,Queens County,Queens County,2898290,1,3
11418,Queens County,Queens County,4229580,2,4
11419,Queens County,Queens County,2924900,1,3
11420,Queens County,Queens County,5382010,2,5
11421,Queens County,Queens County,3336080,1,3
11422,Queens County,Queens County,5098420,2,5
11423,Queens County,Queens County,3654230,1,4
11424,Queens County,Queens County,87271,0,0
11425,Kings County,Kings County,98802,0,0
11426,Queens County,Queens County,3493970,1,3
11427,Queens County,Queens County,4082590,2,4
11428,Queens County,Queens County,2156480,1,2
11429,Queens County,Queens County,3369770,1,3
11430,Queens County,Queens County,18434900,7,18
11432,Queens County,Queens County,5566220,2,6
11433,Queens County,Queens County,4019550,2,4
11434,Queens County,Queens County,8388460,3,8
11435,Queens County,Queens County,3922760,2,4
11436,Queens County,Queens County,2040480,1,2
11451,Queens County,Queens County,91974,0,0
11501,Nassau County,Nassau County,5307490,2,5
11507,Nassau County,Nassau County,2796550,1,3
11509,Nassau County,Nassau County,2181020,1,2
11510,Nassau County,Nassau County,10998600,4,11
11514,Nassau County,Nassau County,2323170,1,2
11516,Nassau County,Nassau County,2262300,1,2
11518,Nassau County,Nassau County,3554630,1,4
11520,Nassau County,Nassau County,13192600,5,13
11530,Nassau County,Nassau County,18391300,7,18
11542,Nassau County,Nassau County,17251500,7,17
11545,Nassau County,Nassau County,29720300,11,30
11547,Nassau County,Nassau County,1126460,0,1
11548,Nassau County,Nassau County,2369370,1,2
11549,Nassau County,Nassau County,187386,0,0
11550,Nassau County,Nassau County,11034200,4,11
11552,Nassau County,Nassau County,8844680,3,9
11553,Nassau County,Nassau County,9069290,4,9
11554,Nassau County,Nassau County,16183400,6,16
11556,Nassau County,Nassau County,155327,0,0
11557,Nassau County,Nassau County,5235450,2,5
11558,Nassau County,Nassau County,3878350,1,4
11559,Nassau County,Nassau County,10820800,4,11
11560,Nassau County,Nassau County,19430300,8,19
11561,Nassau County,Nassau County,10099800,4,10
11563,Nassau County,Nassau County,6207870,2,6
11565,Nassau County,Nassau County,2891200,1,3
11566,Nassau County,Nassau County,14121500,5,14
11568,Nassau County,Nassau County,23108300,9,23
11569,Nassau County,Nassau County,1010880,0,1
11570,Nassau County,Nassau County,9525130,4,10
11572,Nassau County,Nassau County,12369700,5,12
11575,Nassau County,Nassau County,4611700,2,5
11576,Nassau County,Nassau County,11782400,5,12
11577,Nassau County,Nassau County,7890470,3,8
11579,Nassau County,Nassau County,2907570,1,3
11580,Nassau County,Nassau County,10118700,4,10
11581,Nassau County,Nassau County,6975420,3,7
11590,Nassau County,Nassau County,17290900,7,17
11596,Nassau County,Nassau County,3449390,1,3
11598,Nassau County,Nassau County,5158770,2,5
11691,Queens County,Queens County,7339460,3,7
11692,Queens County,Queens County,2586420,1,3
11693,Queens County,Queens County,2582600,1,3
11694,Queens County,Queens County,3537000,1,4
11697,Queens County,Queens County,5749270,2,6
11701,Suffolk County,Suffolk County,12354400,5,12
11702,Suffolk County,Suffolk County,23639500,9,24
11703,Suffolk County,Suffolk County,8080680,3,8
11704,Suffolk County,Suffolk County,20873700,8,21
11705,Suffolk County,Suffolk County,9194720,4,9
11706,Suffolk County,Suffolk County,44135900,17,44
11709,Nassau County,Nassau County,3913960,2,4
11710,Nassau County,Nassau County,12654200,5,13
11713,Suffolk County,Suffolk County,13077800,5,13
11714,Nassau County,Nassau County,11199600,4,11
11715,Suffolk County,Suffolk County,4379300,2,4
11716,Suffolk County,Suffolk County,22638800,9,23
11717,Suffolk County,Suffolk County,28295300,11,28
11718,Suffolk County,Suffolk County,2448220,1,2
11719,Suffolk County,Suffolk County,15517300,6,16
11720,Suffolk County,Suffolk County,21112900,8,21
11721,Suffolk County,Suffolk County,6449110,2,6
11722,Suffolk County,Suffolk County,18885200,7,19
11724,Suffolk County,Suffolk County,9994930,4,10
11725,Suffolk County,Suffolk County,25270500,10,25
11726,Suffolk County,Suffolk County,6651430,3,7
11727,Suffolk County,Suffolk County,23567600,9,24
11729,Suffolk County,Suffolk County,16227600,6,16
11730,Suffolk County,Suffolk County,19712100,8,20
11731,Suffolk County,Suffolk County,21699000,8,22
11732,Nassau County,Nassau County,3956470,2,4
11733,Suffolk County,Suffolk County,30672900,12,31
11735,"Nassau County , Suffolk County",Nassau County,27080000,10,27
11738,Suffolk County,Suffolk County,13812400,5,14
11739,Suffolk County,Suffolk County,2150900,1,2
11740,Suffolk County,Suffolk County,9602400,4,10
11741,Suffolk County,Suffolk County,19382500,7,19
11742,Suffolk County,Suffolk County,12960900,5,13
11743,Suffolk County,Suffolk County,65710800,25,66
11746,Suffolk County,Suffolk County,61847200,24,62
11747,Suffolk County,Suffolk County,34087700,13,34
11749,Suffolk County,Suffolk County,5668090,2,6
11751,Suffolk County,Suffolk County,10350300,4,10
11752,Suffolk County,Suffolk County,9617690,4,10
11753,Nassau County,Nassau County,10039300,4,10
11754,Suffolk County,Suffolk County,18994200,7,19
11755,Suffolk County,Suffolk County,8391480,3,8
11756,Nassau County,Nassau County,14296800,6,14
11757,Suffolk County,Suffolk County,17602000,7,18
11758,Nassau County,Nassau County,28487700,11,28
11762,Nassau County,Nassau County,7990420,3,8
11763,Suffolk County,Suffolk County,35860900,14,36
11764,Suffolk County,Suffolk County,23768600,9,24
11765,Nassau County,Nassau County,6335330,2,6
11766,Suffolk County,Suffolk County,15967700,6,16
11767,Suffolk County,Suffolk County,10811400,4,11
11768,Suffolk County,Suffolk County,39179700,15,39
11769,Suffolk County,Suffolk County,11434800,4,11
11770,Suffolk County,Suffolk County,1130820,0,1
11771,Nassau County,Nassau County,27707600,11,28
11772,Suffolk County,Suffolk County,41943700,16,42
11776,Suffolk County,Suffolk County,17868700,7,18
11777,Suffolk County,Suffolk County,11295200,4,11
11778,Suffolk County,Suffolk County,17729400,7,18
11779,Suffolk County,Suffolk County,32515900,13,33
11780,Suffolk County,Suffolk County,29809600,12,30
11782,Suffolk County,Suffolk County,14361100,6,14
11783,Nassau County,Nassau County,9180350,4,9
11784,Suffolk County,Suffolk County,14165800,5,14
11786,Suffolk County,Suffolk County,15005000,6,15
11787,Suffolk County,Suffolk County,38936000,15,39
11788,Suffolk County,Suffolk County,22221700,9,22
11789,Suffolk County,Suffolk County,4406950,2,4
11790,Suffolk County,Suffolk County,18548400,7,19
11791,Nassau County,Nassau County,33613200,13,34
11792,Suffolk County,Suffolk County,25501400,10,26
11793,Nassau County,Nassau County,24567600,9,25
11794,Suffolk County,Suffolk County,715212,0,1
11795,Suffolk County,Suffolk County,14718900,6,15
11796,Suffolk County,Suffolk County,3792340,1,4
11797,Nassau County,Nassau County,13312900,5,13
11798,Suffolk County,Suffolk County,12346800,5,12
11801,Nassau County,Nassau County,17183900,7,17
11803,Nassau County,Nassau County,15682700,6,16
11804,Nassau County,Nassau County,7467480,3,7
11901,Suffolk County,Suffolk County,142758000,55,143
11930,Suffolk County,Suffolk County,23875000,9,24
11931,Suffolk County,Suffolk County,1173840,0,1
11932,Suffolk County,Suffolk County,22374500,9,22
11933,Suffolk County,Suffolk County,71817300,28,72
11934,Suffolk County,Suffolk County,12055500,5,12
11935,Suffolk County,Suffolk County,26368800,10,26
11937,Suffolk County,Suffolk County,111089000,43,111
11939,Suffolk County,Suffolk County,5797380,2,6
11940,Suffolk County,Suffolk County,14268800,6,14
11941,Suffolk County,Suffolk County,6366960,2,6
11942,Suffolk County,Suffolk County,22586400,9,23
11944,Suffolk County,Suffolk County,10548100,4,11
11946,Suffolk County,Suffolk County,34938400,13,35
11947,Suffolk County,Suffolk County,1683070,1,2
11948,Suffolk County,Suffolk County,7035730,3,7
11949,Suffolk County,Suffolk County,89461500,35,89
11950,Suffolk County,Suffolk County,10683100,4,11
11951,Suffolk County,Suffolk County,17356600,7,17
11952,Suffolk County,Suffolk County,24544300,9,25
11953,Suffolk County,Suffolk County,26579200,10,27
11954,Suffolk County,Suffolk County,47942700,19,48
11955,Suffolk County,Suffolk County,7392390,3,7
11956,Suffolk County,Suffolk County,3284730,1,3
11957,Suffolk County,Suffolk County,16750100,6,17
11958,Suffolk County,Suffolk County,7448960,3,7
11959,Suffolk County,Suffolk County,9938210,4,10
11960,Suffolk County,Suffolk County,4889000,2,5
11961,Suffolk County,Suffolk County,33129600,13,33
11962,Suffolk County,Suffolk County,14198100,5,14
11963,Suffolk County,Suffolk County,34942500,13,35
11964,Suffolk County,Suffolk County,24189300,9,24
11965,Suffolk County,Suffolk County,7317530,3,7
11967,Suffolk County,Suffolk County,29314900,11,29
11968,Suffolk County,Suffolk County,69090100,27,69
11970,Suffolk County,Suffolk County,1454540,1,1
11971,Suffolk County,Suffolk County,28660400,11,29
11972,Suffolk County,Suffolk County,6252110,2,6
11975,Suffolk County,Suffolk County,7387270,3,7
11976,Suffolk County,Suffolk County,31784200,12,32
11977,Suffolk County,Suffolk County,14897300,6,15
11978,Suffolk County,Suffolk County,32628700,13,33
11980,Suffolk County,Suffolk County,33972300,13,34
12008,Schenectady County,Schenectady County,2153230,1,2
12009,Albany County,Albany County,135242000,52,135
12010,"Fulton County , Montgomery County , Saratoga County , Schenectady County",Fulton County,338548000,131,339
12015,Greene County,Greene County,34601800,13,35
12018,Rensselaer County,Rensselaer County,115351000,45,115
12019,"Saratoga County , Schenectady County",Saratoga County,76405500,30,76
12020,Saratoga County,Saratoga County,194767000,75,195
12025,"Fulton County , Saratoga County",Fulton County,93930700,36,94
12027,"Saratoga County , Schenectady County",Saratoga County,18575300,7,19
12032,"Fulton County , Hamilton County",Fulton County,230003000,89,230
12033,Rensselaer County,Rensselaer County,69887500,27,70
12035,Schoharie County,Schoharie County,16135300,6,16
12037,Columbia County,Columbia County,79850400,31,80
12043,"Otsego County , Schoharie County",Otsego County,159962000,62,160
12047,Albany County,Albany County,22870500,9,23
12051,Greene County,Greene County,55230300,21,55
12053,"Albany County , Montgomery County , Schenectady County , Schoharie County",Albany County,160164000,62,160
12056,Schenectady County,Schenectady County,46631300,18,47
12061,Rensselaer County,Rensselaer County,52133300,20,52
12062,"Columbia County , Rensselaer County",Columbia County,75007600,29,75
12065,Saratoga County,Saratoga County,90379400,35,90
12066,"Montgomery County , Schenectady County , Schoharie County",Montgomery County,86932700,34,87
12068,"Fulton County , Montgomery County",Fulton County,79798800,31,80
12070,"Fulton County , Montgomery County",Fulton County,31705000,12,32
12072,Montgomery County,Montgomery County,124740000,48,125
12074,Saratoga County,Saratoga County,92324100,36,92
12075,Columbia County,Columbia County,101749000,39,102
12078,Fulton County,Fulton County,280975000,108,281
12083,"Albany County , Greene County",Albany County,111678000,43,112
12084,Albany County,Albany County,9346120,4,9
12086,"Fulton County , Montgomery County , Saratoga County",Fulton County,15708800,6,16
12090,Rensselaer County,Rensselaer County,147701000,57,148
12092,Schoharie County,Schoharie County,38739100,15,39
12095,"Fulton County , Montgomery County",Fulton County,157056000,61,157
12106,Columbia County,Columbia County,37746200,15,38
12108,Hamilton County,Hamilton County,366664000,142,367
12117,Fulton County,Fulton County,116177000,45,116
12118,"Rensselaer County , Saratoga County",Rensselaer County,81780300,32,82
12122,"Albany County , Schoharie County",Albany County,279922000,108,280
12123,Rensselaer County,Rensselaer County,84493300,33,84
12130,Columbia County,Columbia County,1546250,1,2
12134,"Fulton County , Hamilton County , Saratoga County",Fulton County,500349000,193,500
12137,"Montgomery County , Schenectady County",Montgomery County,62101600,24,62
12140,Rensselaer County,Rensselaer County,21464100,8,21
12143,"Albany County , Greene County",Albany County,50145800,19,50
12144,Rensselaer County,Rensselaer County,49036500,19,49
12149,Schoharie County,Schoharie County,121105000,47,121
12151,Saratoga County,Saratoga County,6711170,3,7
12153,Rensselaer County,Rensselaer County,46692000,18,47
12154,"Rensselaer County , Washington County",Rensselaer County,107880000,42,108
12155,"Delaware County , Otsego County",Delaware County,147389000,57,147
12157,"Albany County , Schenectady County , Schoharie County",Albany County,112845000,44,113
12158,Albany County,Albany County,79240000,31,79
12159,Albany County,Albany County,36488600,14,36
12164,Hamilton County,Hamilton County,120212000,46,120
12167,"Delaware County , Schoharie County",Delaware County,118298000,46,118
12170,Saratoga County,Saratoga County,78008400,30,78
12172,Columbia County,Columbia County,1144100,0,1
12177,Montgomery County,Montgomery County,1581940,1,2
12180,Rensselaer County,Rensselaer County,142176000,55,142
12182,Rensselaer County,Rensselaer County,35586600,14,36
12183,Albany County,Albany County,1935060,1,2
12184,"Columbia County , Rensselaer County",Columbia County,99789700,39,100
12185,"Rensselaer County , Washington County",Rensselaer County,62941500,24,63
12186,Albany County,Albany County,81916900,32,82
12187,Schoharie County,Schoharie County,59619100,23,60
12188,Saratoga County,Saratoga County,33615800,13,34
12189,Albany County,Albany County,16496100,6,16
12192,Greene County,Greene County,44458200,17,44
12196,Rensselaer County,Rensselaer County,22898600,9,23
12197,Otsego County,Otsego County,173618000,67,174
12198,Rensselaer County,Rensselaer County,33910000,13,34
12202,Albany County,Albany County,5306160,2,5
12203,Albany County,Albany County,29546200,11,30
12204,Albany County,Albany County,10534400,4,11
12205,Albany County,Albany County,40906400,16,41
12206,Albany County,Albany County,5516300,2,6
12207,Albany County,Albany County,2746950,1,3
12208,Albany County,Albany County,10861700,4,11
12209,Albany County,Albany County,5544950,2,6
12210,Albany County,Albany County,2321850,1,2
12211,Albany County,Albany County,20537400,8,21
12222,Albany County,Albany County,1403590,1,1
12302,"Saratoga County , Schenectady County",Saratoga County,109635000,42,110
12303,"Albany County , Schenectady County",Albany County,39875900,15,40
12304,"Albany County , Schenectady County",Albany County,17640200,7,18
12305,Schenectady County,Schenectady County,3859700,1,4
12306,"Albany County , Schenectady County",Albany County,111613000,43,112
12307,Schenectady County,Schenectady County,1845430,1,2
12308,Schenectady County,Schenectady County,5823820,2,6
12309,"Albany County , Schenectady County",Albany County,42920600,17,43
12401,Ulster County,Ulster County,151374000,58,151
12404,Ulster County,Ulster County,92428400,36,92
12406,"Delaware County , Ulster County",Delaware County,111969000,43,112
12409,Ulster County,Ulster County,36953000,14,37
12410,Ulster County,Ulster County,106658000,41,107
12413,Greene County,Greene County,42356200,16,42
12414,Greene County,Greene County,154372000,60,154
12417,Ulster County,Ulster County,817159,0,1
12420,Ulster County,Ulster County,10732800,4,11
12428,Ulster County,Ulster County,139812000,54,140
12430,"Delaware County , Greene County",Delaware County,102780000,40,103
12432,Ulster County,Ulster County,1575480,1,2
12433,Ulster County,Ulster County,9893660,4,10
12440,Ulster County,Ulster County,59870600,23,60
12441,"Delaware County , Ulster County",Delaware County,16386100,6,16
12442,Greene County,Greene County,85919000,33,86
12443,Ulster County,Ulster County,46667500,18,47
12446,Ulster County,Ulster County,175886000,68,176
12449,Ulster County,Ulster County,9378220,4,9
12451,Greene County,Greene County,30576100,12,31
12453,Ulster County,Ulster County,1277730,0,1
12455,"Delaware County , Ulster County",Delaware County,198660000,77,199
12458,"Sullivan County , Ulster County",Sullivan County,83665900,32,84
12463,Greene County,Greene County,28028100,11,28
12464,Ulster County,Ulster County,114332000,44,114
12465,"Delaware County , Ulster County",Delaware County,7493020,3,7
12466,Ulster County,Ulster County,2688100,1,3
12468,"Delaware County , Greene County",Delaware County,112952000,44,113
12469,"Albany County , Greene County , Schoharie County",Albany County,87813000,34,88
12471,Ulster County,Ulster County,907991,0,1
12472,Ulster County,Ulster County,9243860,4,9
12477,Ulster County,Ulster County,170523000,66,171
12481,Ulster County,Ulster County,32416800,13,32
12484,Ulster County,Ulster County,61600800,24,62
12485,Greene County,Greene County,21729900,8,22
12486,Ulster County,Ulster County,8784850,3,9
12487,Ulster County,Ulster County,40673200,16,41
12489,Ulster County,Ulster County,15922200,6,16
12491,Ulster County,Ulster County,23279900,9,23
12496,Greene County,Greene County,122210000,47,122
12498,Ulster County,Ulster County,56454300,22,56
12501,Dutchess County,Dutchess County,79187400,31,79
12508,Dutchess County,Dutchess County,37721300,15,38
12513,Columbia County,Columbia County,7561220,3,8
12515,Ulster County,Ulster County,12904900,5,13
12516,Columbia County,Columbia County,39459700,15,39
12518,Orange County,Orange County,25591400,10,26
12520,Orange County,Orange County,10238500,4,10
12521,Columbia County,Columbia County,85181300,33,85
12522,Dutchess County,Dutchess County,96671700,37,97
12524,Dutchess County,Dutchess County,42002700,16,42
12525,Ulster County,Ulster County,60890900,24,61
12526,Columbia County,Columbia County,82927400,32,83
12528,Ulster County,Ulster County,106794000,41,107
12529,Columbia County,Columbia County,170927000,66,171
12533,"Dutchess County , Putnam County",Dutchess County,125882000,49,126
12534,Columbia County,Columbia County,225344000,87,225
12538,Dutchess County,Dutchess County,68315800,26,68
12540,Dutchess County,Dutchess County,88356700,34,88
12542,"Orange County , Ulster County",Orange County,37073200,14,37
12543,Orange County,Orange County,29725900,11,30
12545,Dutchess County,Dutchess County,140368000,54,140
12546,"Columbia County , Dutchess County",Columbia County,118132000,46,118
12547,Ulster County,Ulster County,26804800,10,27
12549,Orange County,Orange County,100516000,39,101
12550,Orange County,Orange County,89919600,35,90
12553,Orange County,Orange County,63896400,25,64
12561,Ulster County,Ulster County,154097000,59,154
12563,Putnam County,Putnam County,59105000,23,59
12564,Dutchess County,Dutchess County,105193000,41,105
12565,Columbia County,Columbia County,3758960,1,4
12566,"Orange County , Sullivan County , Ulster County",Orange County,140848000,54,141
12567,"Columbia County , Dutchess County",Columbia County,118837000,46,119
12569,Dutchess County,Dutchess County,85571000,33,86
12571,"Columbia County , Dutchess County",Columbia County,150019000,58,150
12572,Dutchess County,Dutchess County,130943000,51,131
12574,Dutchess County,Dutchess County,1304570,1,1
12577,Orange County,Orange County,15203800,6,15
12578,Dutchess County,Dutchess County,40541500,16,41
12580,Dutchess County,Dutchess County,55835500,22,56
12583,"Columbia County , Dutchess County",Columbia County,33717200,13,34
12586,"Orange County , Ulster County",Orange County,61415300,24,61
12589,"Orange County , Ulster County",Orange County,148536000,57,149
12590,Dutchess County,Dutchess County,89249200,34,89
12601,Dutchess County,Dutchess County,48707900,19,49
12603,Dutchess County,Dutchess County,83725900,32,84
12701,Sullivan County,Sullivan County,148945000,58,149
12721,"Orange County , Sullivan County",Orange County,65672800,25,66
12723,Sullivan County,Sullivan County,81985900,32,82
12733,Sullivan County,Sullivan County,13190900,5,13
12734,Sullivan County,Sullivan County,35669200,14,36
12745,Sullivan County,Sullivan County,4161120,2,4
12747,Sullivan County,Sullivan County,36139500,14,36
12748,Sullivan County,Sullivan County,56792300,22,57
12754,Sullivan County,Sullivan County,68832500,27,69
12758,"Delaware County , Sullivan County , Ulster County",Delaware County,394711000,152,395
12762,Sullivan County,Sullivan County,16425300,6,16
12764,Sullivan County,Sullivan County,154042000,59,154
12771,Orange County,Orange County,89661300,35,90
12775,Sullivan County,Sullivan County,27151000,10,27
12776,"Delaware County , Sullivan County",Delaware County,284055000,110,284
12778,Sullivan County,Sullivan County,14797100,6,15
12779,Sullivan County,Sullivan County,22232700,9,22
12786,Sullivan County,Sullivan County,38752700,15,39
12789,Sullivan County,Sullivan County,24837300,10,25
12790,Sullivan County,Sullivan County,114990000,44,115
12801,Warren County,Warren County,10226800,4,10
12803,Saratoga County,Saratoga County,15328800,6,15
12804,"Warren County , Washington County",Warren County,137536000,53,138
12809,Washington County,Washington County,131112000,51,131
12814,Warren County,Warren County,117848000,46,118
12816,Washington County,Washington County,163572000,63,164
12817,Warren County,Warren County,138759000,54,139
12822,Saratoga County,Saratoga County,170474000,66,170
12827,Washington County,Washington County,319466000,123,319
12828,"Saratoga County , Washington County",Saratoga County,119982000,46,120
12832,Washington County,Washington County,208192000,80,208
12833,Saratoga County,Saratoga County,91286300,35,91
12834,Washington County,Washington County,224494000,87,224
12835,"Saratoga County , Warren County",Saratoga County,252274000,97,252
12839,Washington County,Washington County,84244800,33,84
12845,Warren County,Warren County,114705000,44,115
12846,Warren County,Warren County,150632000,58,151
12847,"Hamilton County , St. Lawrence County",Hamilton County,1141130000,441,1141
12853,"Essex County , Warren County",Essex County,225189000,87,225
12860,Warren County,Warren County,41667000,16,42
12865,Washington County,Washington County,187379000,72,187
12866,Saratoga County,Saratoga County,173573000,67,174
12870,"Essex County , Warren County",Essex County,276867000,107,277
12871,Saratoga County,Saratoga County,77071700,30,77
12883,Essex County,Essex County,206814000,80,207
12884,Saratoga County,Saratoga County,1290120,0,1
12885,Warren County,Warren County,186019000,72,186
12887,Washington County,Washington County,216721000,84,217
12901,Clinton County,Clinton County,196712000,76,197
12903,Clinton County,Clinton County,1496370,1,1
12910,Clinton County,Clinton County,168194000,65,168
12912,"Clinton County , Essex County , Franklin County",Clinton County,234064000,90,234
12914,"Franklin County , St. Lawrence County",Franklin County,82617800,32,83
12916,Franklin County,Franklin County,107390000,41,107
12917,Franklin County,Franklin County,111573000,43,112
12918,Clinton County,Clinton County,101769000,39,102
12919,Clinton County,Clinton County,99475000,38,99
12920,"Clinton County , Franklin County",Clinton County,240332000,93,240
12921,Clinton County,Clinton County,86036700,33,86
12926,Franklin County,Franklin County,125566000,48,126
12927,St. Lawrence County,St. Lawrence County,286463000,111,286
12929,Clinton County,Clinton County,3083880,1,3
12932,Essex County,Essex County,165055000,64,165
12935,Clinton County,Clinton County,255407000,99,255
12937,Franklin County,Franklin County,84759700,33,85
12944,"Clinton County , Essex County",Clinton County,233415000,90,233
12946,Essex County,Essex County,335264000,129,335
12952,Clinton County,Clinton County,74692900,29,75
12953,Franklin County,Franklin County,544979000,210,545
12956,Essex County,Essex County,23339100,9,23
12958,Clinton County,Clinton County,96217800,37,96
12962,Clinton County,Clinton County,111388000,43,111
12970,Franklin County,Franklin County,130224000,50,130
12972,"Clinton County , Essex County",Clinton County,214262000,83,214
12974,Essex County,Essex County,20815300,8,21
12978,Clinton County,Clinton County,6769080,3,7
12979,Clinton County,Clinton County,8804360,3,9
12980,"Franklin County , St. Lawrence County",Franklin County,662489000,256,662
12981,"Clinton County , Franklin County",Clinton County,274547000,106,275
12983,"Essex County , Franklin County",Essex County,545251000,211,545
12986,"Franklin County , St. Lawrence County",Franklin County,585954000,226,586
12992,Clinton County,Clinton County,164635000,64,165
12993,Essex County,Essex County,186645000,72,187
12996,Essex County,Essex County,131812000,51,132
12997,Essex County,Essex County,168963000,65,169
12998,Essex County,Essex County,31177900,12,31
13021,"Cayuga County , Onondaga County",Cayuga County,311325000,120,311
13024,Cayuga County,Cayuga County,107576,0,0
13026,Cayuga County,Cayuga County,72911000,28,73
13027,"Cayuga County , Onondaga County",Cayuga County,176273000,68,176
13028,Oswego County,Oswego County,48400500,19,48
13029,Onondaga County,Onondaga County,45892400,18,46
13030,"Madison County , Onondaga County",Madison County,34495600,13,34
13031,Onondaga County,Onondaga County,62949600,24,63
13032,Madison County,Madison County,211149000,82,211
13033,Cayuga County,Cayuga County,159671000,62,160
13034,Cayuga County,Cayuga County,62926200,24,63
13035,"Madison County , Onondaga County",Madison County,193709000,75,194
13036,Oswego County,Oswego County,126354000,49,126
13037,"Madison County , Onondaga County",Madison County,105985000,41,106
13042,"Oneida County , Oswego County",Oneida County,86798600,34,87
13044,Oswego County,Oswego County,71937300,28,72
13045,"Cayuga County , Cortland County , Tompkins County",Cayuga County,276033000,107,276
13052,"Chenango County , Cortland County , Madison County , Onondaga County",Chenango County,125505000,48,126
13053,"Cortland County , Tompkins County",Cortland County,85939700,33,86
13054,Oneida County,Oneida County,57244100,22,57
13057,Onondaga County,Onondaga County,72130900,28,72
13060,Onondaga County,Onondaga County,41419800,16,41
13063,Onondaga County,Onondaga County,90064300,35,90
13064,Cayuga County,Cayuga County,459975,0,0
13066,Onondaga County,Onondaga County,38779100,15,39
13068,Tompkins County,Tompkins County,132437000,51,132
13069,Oswego County,Oswego County,277685000,107,278
13073,"Cayuga County , Tompkins County",Cayuga County,142191000,55,142
13074,"Cayuga County , Oswego County",Cayuga County,109972000,42,110
13077,"Cayuga County , Cortland County , Onondaga County",Cayuga County,182750000,71,183
13080,"Cayuga County , Onondaga County",Cayuga County,72665600,28,73
13082,"Madison County , Onondaga County",Madison County,61047600,24,61
13083,"Jefferson County , Oswego County",Jefferson County,150207000,58,150
13088,Onondaga County,Onondaga County,20613900,8,21
13090,Onondaga County,Onondaga County,38997900,15,39
13101,Cortland County,Cortland County,101287000,39,101
13104,"Madison County , Onondaga County",Madison County,122382000,47,122
13108,Onondaga County,Onondaga County,75560600,29,76
13113,Cayuga County,Cayuga County,1345150,1,1
13114,Oswego County,Oswego County,162872000,63,163
13115,Oswego County,Oswego County,1200820,0,1
13116,Onondaga County,Onondaga County,3421060,1,3
13118,Cayuga County,Cayuga County,265442000,102,265
13120,Onondaga County,Onondaga County,44284200,17,44
13126,"Cayuga County , Oswego County",Cayuga County,260997000,101,261
13131,Oswego County,Oswego County,137091000,53,137
13132,Oswego County,Oswego County,61449000,24,61
13135,"Onondaga County , Oswego County",Onondaga County,82736700,32,83
13140,Cayuga County,Cayuga County,135383000,52,135
13142,Oswego County,Oswego County,182678000,71,183
13143,"Cayuga County , Wayne County",Cayuga County,111880000,43,112
13145,Oswego County,Oswego County,43217500,17,43
13146,"Seneca County , Wayne County",Seneca County,140845000,54,141
13148,Seneca County,Seneca County,155557000,60,156
13152,"Cayuga County , Onondaga County",Cayuga County,167465000,65,167
13156,"Cayuga County , Oswego County , Wayne County",Cayuga County,77622300,30,78
13157,Oneida County,Oneida County,1436840,1,1
13159,"Cortland County , Onondaga County",Cortland County,202267000,78,202
13160,Cayuga County,Cayuga County,55111500,21,55
13163,Madison County,Madison County,1372680,1,1
13165,Seneca County,Seneca County,176074000,68,176
13166,"Cayuga County , Onondaga County",Cayuga County,105721000,41,106
13167,Oswego County,Oswego County,88385600,34,88
13202,Onondaga County,Onondaga County,2583580,1,3
13203,Onondaga County,Onondaga County,4402310,2,4
13204,Onondaga County,Onondaga County,11416600,4,11
13205,Onondaga County,Onondaga County,8934480,3,9
13206,Onondaga County,Onondaga County,10226500,4,10
13207,Onondaga County,Onondaga County,8003300,3,8
13208,Onondaga County,Onondaga County,10810700,4,11
13209,Onondaga County,Onondaga County,32949900,13,33
13210,Onondaga County,Onondaga County,11826300,5,12
13211,Onondaga County,Onondaga County,12199000,5,12
13212,Onondaga County,Onondaga County,27434400,11,27
13214,Onondaga County,Onondaga County,9467890,4,9
13215,Onondaga County,Onondaga County,87896200,34,88
13219,Onondaga County,Onondaga County,12845100,5,13
13224,Onondaga County,Onondaga County,7716210,3,8
13290,Onondaga County,Onondaga County,628183,0,1
13302,Oswego County,Oswego County,114375000,44,114
13304,"Herkimer County , Oneida County",Herkimer County,45027700,17,45
13308,Oneida County,Oneida County,100116000,39,100
13309,"Lewis County , Oneida County",Lewis County,376736000,145,377
13313,Oneida County,Oneida County,5829800,2,6
13316,"Lewis County , Oneida County , Oswego County",Lewis County,420191000,162,420
13317,"Montgomery County , Otsego County",Montgomery County,119454000,46,119
13319,Oneida County,Oneida County,2295990,1,2
13320,"Montgomery County , Otsego County",Montgomery County,199073000,77,199
13321,Oneida County,Oneida County,2089620,1,2
13322,"Herkimer County , Oneida County",Herkimer County,31461200,12,31
13323,Oneida County,Oneida County,98527800,38,99
13324,Herkimer County,Herkimer County,309103000,119,309
13325,Lewis County,Lewis County,200439000,77,200
13326,Otsego County,Otsego County,247054000,95,247
13327,Lewis County,Lewis County,345562000,133,346
13329,"Fulton County , Herkimer County",Fulton County,137118000,53,137
13332,"Chenango County , Madison County",Chenango County,127382000,49,127
13335,Otsego County,Otsego County,98817800,38,99
13339,"Fulton County , Herkimer County , Montgomery County",Fulton County,280179000,108,280
13340,Herkimer County,Herkimer County,149894000,58,150
13346,Madison County,Madison County,97926900,38,98
13348,Otsego County,Otsego County,95760000,37,96
13350,Herkimer County,Herkimer County,78789800,30,79
13354,Oneida County,Oneida County,134890000,52,135
13357,"Herkimer County , Otsego County",Herkimer County,81693200,32,82
13365,Herkimer County,Herkimer County,347302000,134,347
13367,"Herkimer County , Lewis County",Herkimer County,1174250000,453,1174
13368,Lewis County,Lewis County,118061000,46,118
13402,"Madison County , Oneida County",Madison County,65747300,25,66
13406,Herkimer County,Herkimer County,28257200,11,28
13407,Herkimer County,Herkimer County,140608000,54,141
13408,Madison County,Madison County,97444400,38,97
13409,Madison County,Madison County,89291600,34,89
13410,Montgomery County,Montgomery County,256023,0,0
13411,"Chenango County , Otsego County",Chenango County,177299000,68,177
13413,"Herkimer County , Oneida County",Herkimer County,51509900,20,52
13416,Herkimer County,Herkimer County,134694000,52,135
13417,Oneida County,Oneida County,3377610,1,3
13420,Herkimer County,Herkimer County,563552000,218,564
13421,"Madison County , Oneida County",Madison County,108799000,42,109
13424,Oneida County,Oneida County,28871900,11,29
13425,"Madison County , Oneida County",Madison County,66155000,26,66
13428,Montgomery County,Montgomery County,40884200,16,41
13431,"Herkimer County , Oneida County",Herkimer County,95460200,37,95
13433,Lewis County,Lewis County,112948000,44,113
13435,Oneida County,Oneida County,539473,0,1
13438,"Herkimer County , Oneida County",Herkimer County,222256000,86,222
13439,"Herkimer County , Otsego County",Herkimer County,223036000,86,223
13440,Oneida County,Oneida County,292348000,113,292
13441,Oneida County,Oneida County,9300660,4,9
13452,"Fulton County , Montgomery County",Fulton County,197622000,76,198
13456,"Herkimer County , Oneida County",Herkimer County,72707000,28,73
13459,"Montgomery County , Otsego County , Schoharie County",Montgomery County,131862000,51,132
13460,"Chenango County , Madison County",Chenango County,185182000,71,185
13461,Oneida County,Oneida County,6004730,2,6
13464,Chenango County,Chenango County,99315500,38,99
13471,"Lewis County , Oneida County",Lewis County,243048000,94,243
13473,Lewis County,Lewis County,119488000,46,119
13476,Oneida County,Oneida County,55312000,21,55
13478,Oneida County,Oneida County,92687500,36,93
13480,"Madison County , Oneida County",Madison County,139209000,54,139
13490,Oneida County,Oneida County,30647100,12,31
13491,"Herkimer County , Madison County , Otsego County",Herkimer County,187384000,72,187
13492,Oneida County,Oneida County,39056000,15,39
13495,Oneida County,Oneida County,2260360,1,2
13501,Oneida County,Oneida County,22659200,9,23
13502,"Herkimer County , Oneida County",Herkimer County,139242000,54,139
13601,"Jefferson County , Lewis County",Jefferson County,364424000,141,364
13602,Jefferson County,Jefferson County,25250400,10,25
13603,Jefferson County,Jefferson County,14130100,5,14
13605,Jefferson County,Jefferson County,209099000,81,209
13606,Jefferson County,Jefferson County,91026800,35,91
13607,Jefferson County,Jefferson County,46173100,18,46
13608,"Jefferson County , St. Lawrence County",Jefferson County,102579000,40,103
13612,Jefferson County,Jefferson County,45983300,18,46
13613,St. Lawrence County,St. Lawrence County,215757000,83,216
13615,Jefferson County,Jefferson County,9941600,4,10
13616,Jefferson County,Jefferson County,14357400,6,14
13617,St. Lawrence County,St. Lawrence County,330710000,128,331
13618,Jefferson County,Jefferson County,130439000,50,130
13619,"Jefferson County , Lewis County",Jefferson County,282334000,109,282
13620,Lewis County,Lewis County,119857000,46,120
13622,Jefferson County,Jefferson County,150678000,58,151
13624,Jefferson County,Jefferson County,164246000,63,164
13625,St. Lawrence County,St. Lawrence County,143348000,55,143
13626,"Jefferson County , Lewis County",Jefferson County,257189000,99,257
13628,Jefferson County,Jefferson County,477227,0,0
13630,St. Lawrence County,St. Lawrence County,124334000,48,124
13634,Jefferson County,Jefferson County,114377000,44,114
13635,St. Lawrence County,St. Lawrence County,143940000,56,144
13636,Jefferson County,Jefferson County,8304330,3,8
13637,Jefferson County,Jefferson County,91224000,35,91
13638,Jefferson County,Jefferson County,3160010,1,3
13640,Jefferson County,Jefferson County,32011500,12,32
13641,Jefferson County,Jefferson County,799487,0,1
13642,"Jefferson County , St. Lawrence County",Jefferson County,469003000,181,469
13643,Jefferson County,Jefferson County,93794,0,0
13646,"Jefferson County , St. Lawrence County",Jefferson County,278101000,107,278
13647,St. Lawrence County,St. Lawrence County,236491,0,0
13648,"Lewis County , St. Lawrence County",Lewis County,474748000,183,475
13650,Jefferson County,Jefferson County,106864000,41,107
13652,St. Lawrence County,St. Lawrence County,172157000,66,172
13654,St. Lawrence County,St. Lawrence County,172616000,67,173
13656,Jefferson County,Jefferson County,220334000,85,220
13659,Jefferson County,Jefferson County,147165000,57,147
13660,St. Lawrence County,St. Lawrence County,139280000,54,139
13661,"Jefferson County , Oswego County",Jefferson County,119351000,46,119
13662,St. Lawrence County,St. Lawrence County,230103000,89,230
13664,St. Lawrence County,St. Lawrence County,2546420,1,3
13665,"Jefferson County , Lewis County",Jefferson County,112287000,43,112
13666,St. Lawrence County,St. Lawrence County,101295000,39,101
13667,St. Lawrence County,St. Lawrence County,128469000,50,128
13668,St. Lawrence County,St. Lawrence County,95191300,37,95
13669,St. Lawrence County,St. Lawrence County,264890000,102,265
13672,St. Lawrence County,St. Lawrence County,322968000,125,323
13673,Jefferson County,Jefferson County,90399000,35,90
13674,Jefferson County,Jefferson County,1469720,1,1
13675,Jefferson County,Jefferson County,2727100,1,3
13676,St. Lawrence County,St. Lawrence County,413129000,160,413
13679,"Jefferson County , St. Lawrence County",Jefferson County,161821000,62,162
13680,St. Lawrence County,St. Lawrence County,91021400,35,91
13681,St. Lawrence County,St. Lawrence County,87534600,34,88
13682,"Jefferson County , Lewis County",Jefferson County,81186300,31,81
13685,Jefferson County,Jefferson County,52169200,20,52
13690,St. Lawrence County,St. Lawrence County,133749000,52,134
13691,Jefferson County,Jefferson County,187061000,72,187
13692,Jefferson County,Jefferson County,706798,0,1
13693,Jefferson County,Jefferson County,50147100,19,50
13694,St. Lawrence County,St. Lawrence County,57885700,22,58
13697,St. Lawrence County,St. Lawrence County,169697000,66,170
13730,"Broome County , Chenango County",Broome County,126998000,49,127
13731,Delaware County,Delaware County,232157000,90,232
13732,Tioga County,Tioga County,85342800,33,85
13733,"Chenango County , Delaware County , Otsego County",Chenango County,234989000,91,235
13739,Delaware County,Delaware County,104293000,40,104
13743,Tioga County,Tioga County,152074000,59,152
13751,Delaware County,Delaware County,5093560,2,5
13753,Delaware County,Delaware County,242737000,94,243
13754,"Broome County , Delaware County",Broome County,206158000,80,206
13755,Delaware County,Delaware County,148927000,58,149
13757,Delaware County,Delaware County,96343800,37,96
13760,"Broome County , Tioga County",Broome County,127378000,49,127
13775,Delaware County,Delaware County,137492000,53,137
13776,Otsego County,Otsego County,14726300,6,15
13777,Broome County,Broome County,15589100,6,16
13778,"Broome County , Chenango County",Broome County,250894000,97,251
13780,Chenango County,Chenango County,57370500,22,57
13782,Delaware County,Delaware County,95072300,37,95
13783,Delaware County,Delaware County,295977000,114,296
13788,Delaware County,Delaware County,91475600,35,91
13790,Broome County,Broome County,75014100,29,75
13796,Otsego County,Otsego County,57779100,22,58
13797,Broome County,Broome County,86238900,33,86
13803,"Broome County , Cortland County",Broome County,232334000,90,232
13807,Otsego County,Otsego County,61664800,24,62
13808,Otsego County,Otsego County,95308800,37,95
13811,"Broome County , Tioga County",Broome County,164295000,63,164
13812,Tioga County,Tioga County,81768300,32,82
13815,Chenango County,Chenango County,277767000,107,278
13820,"Delaware County , Otsego County",Delaware County,277908000,107,278
13825,"Delaware County , Otsego County",Delaware County,146447000,57,146
13827,Tioga County,Tioga County,237014000,92,237
13830,Chenango County,Chenango County,286158000,110,286
13838,"Delaware County , Otsego County",Delaware County,26687100,10,27
13841,"Chenango County , Cortland County",Chenango County,30858000,12,31
13849,"Delaware County , Otsego County",Delaware County,171527000,66,172
13850,Broome County,Broome County,132469000,51,132
13856,Delaware County,Delaware County,479386000,185,479
13862,"Broome County , Cortland County",Broome County,146342000,57,146
13865,Broome County,Broome County,285732000,110,286
13901,Broome County,Broome County,60140100,23,60
13902,Broome County,Broome County,1844250,1,2
13903,Broome County,Broome County,102581000,40,103
13904,Broome County,Broome County,60087700,23,60
13905,Broome County,Broome County,70050600,27,70
14001,"Erie County , Genesee County , Niagara County",Erie County,170740000,66,171
14004,"Erie County , Genesee County , Wyoming County",Erie County,124090000,48,124
14005,Genesee County,Genesee County,86567900,33,87
14006,Erie County,Erie County,67000600,26,67
14009,"Cattaraugus County , Wyoming County",Cattaraugus County,191904000,74,192
14011,"Genesee County , Wyoming County",Genesee County,173022000,67,173
14012,Niagara County,Niagara County,83325000,32,83
14020,Genesee County,Genesee County,178981000,69,179
14024,"Allegany County , Wyoming County",Allegany County,163630000,63,164
14028,Niagara County,Niagara County,35059700,14,35
14030,"Cattaraugus County , Erie County , Wyoming County",Cattaraugus County,51452000,20,51
14031,Erie County,Erie County,48489600,19,48
14032,Erie County,Erie County,60102600,23,60
14036,Genesee County,Genesee County,140308000,54,140
14042,Cattaraugus County,Cattaraugus County,118221000,46,118
14043,Erie County,Erie County,22510700,9,23
14048,Chautauqua County,Chautauqua County,60355600,23,60
14052,Erie County,Erie County,160499000,62,160
14057,Erie County,Erie County,124746000,48,125
14058,"Genesee County , Orleans County",Genesee County,103204000,40,103
14059,Erie County,Erie County,69748700,27,70
14061,Erie County,Erie County,2481140,1,2
14062,Chautauqua County,Chautauqua County,187366000,72,187
14063,Chautauqua County,Chautauqua County,130588000,50,131
14066,Wyoming County,Wyoming County,104624000,40,105
14067,Niagara County,Niagara County,128204000,49,128
14070,"Cattaraugus County , Erie County",Cattaraugus County,132370000,51,132
14072,Erie County,Erie County,73228000,28,73
14075,Erie County,Erie County,102359000,40,102
14080,Erie County,Erie County,136958000,53,137
14081,"Cattaraugus County , Chautauqua County , Erie County",Cattaraugus County,91088200,35,91
14085,Erie County,Erie County,18048200,7,18
14086,Erie County,Erie County,87734500,34,88
14092,Niagara County,Niagara County,51046000,20,51
14094,Niagara County,Niagara County,315802000,122,316
14098,Orleans County,Orleans County,119285000,46,119
14101,Cattaraugus County,Cattaraugus County,109895000,42,110
14103,Orleans County,Orleans County,207069000,80,207
14105,"Genesee County , Niagara County , Orleans County",Genesee County,121986000,47,122
14108,Niagara County,Niagara County,70163100,27,70
14111,Erie County,Erie County,93413100,36,93
14120,Niagara County,Niagara County,85216500,33,85
14125,"Genesee County , Orleans County",Genesee County,90965700,35,91
14126,Niagara County,Niagara County,1485340,1,1
14127,Erie County,Erie County,106529000,41,107
14129,Cattaraugus County,Cattaraugus County,80023200,31,80
14130,Wyoming County,Wyoming County,2820680,1,3
14131,Niagara County,Niagara County,109428000,42,109
14132,Niagara County,Niagara County,72723600,28,73
14136,Chautauqua County,Chautauqua County,59970500,23,60
14138,"Cattaraugus County , Chautauqua County",Cattaraugus County,121376000,47,121
14141,"Cattaraugus County , Erie County",Cattaraugus County,182627000,71,183
14145,"Erie County , Wyoming County",Erie County,72864300,28,73
14150,Erie County,Erie County,38695300,15,39
14171,Cattaraugus County,Cattaraugus County,132083000,51,132
14172,Niagara County,Niagara County,63789200,25,64
14173,Cattaraugus County,Cattaraugus County,1499230,1,1
14174,Niagara County,Niagara County,63268200,24,63
14201,Erie County,Erie County,2661750,1,3
14202,Erie County,Erie County,2150800,1,2
14203,Erie County,Erie County,6829290,3,7
14204,Erie County,Erie County,4651930,2,5
14206,Erie County,Erie County,12552700,5,13
14207,Erie County,Erie County,10110600,4,10
14208,Erie County,Erie County,3569130,1,4
14209,Erie County,Erie County,2366990,1,2
14210,Erie County,Erie County,8301520,3,8
14211,Erie County,Erie County,10464900,4,10
14212,Erie County,Erie County,4939280,2,5
14213,Erie County,Erie County,5855260,2,6
14214,Erie County,Erie County,7399340,3,7
14215,Erie County,Erie County,12743300,5,13
14216,Erie County,Erie County,7199110,3,7
14217,Erie County,Erie County,8318460,3,8
14218,Erie County,Erie County,21231700,8,21
14219,Erie County,Erie County,18213700,7,18
14220,Erie County,Erie County,9850780,4,10
14221,Erie County,Erie County,59551000,23,60
14222,Erie County,Erie County,3326180,1,3
14223,Erie County,Erie County,8889740,3,9
14224,Erie County,Erie County,52478100,20,52
14225,Erie County,Erie County,30632300,12,31
14226,Erie County,Erie County,17909100,7,18
14227,Erie County,Erie County,22374100,9,22
14228,Erie County,Erie County,41079500,16,41
14261,Erie County,Erie County,3009920,1,3
14301,Niagara County,Niagara County,4330450,2,4
14302,Niagara County,Niagara County,35992,0,0
14303,Niagara County,Niagara County,6362270,2,6
14304,Niagara County,Niagara County,57462800,22,57
14305,Niagara County,Niagara County,21262900,8,21
14411,Orleans County,Orleans County,293401000,113,293
14414,"Livingston County , Monroe County",Livingston County,101799000,39,102
14416,"Genesee County , Monroe County",Genesee County,96431700,37,96
14420,"Monroe County , Orleans County",Monroe County,156867000,61,157
14423,Livingston County,Livingston County,130733000,50,131
14424,Ontario County,Ontario County,329349000,127,329
14427,Wyoming County,Wyoming County,78231700,30,78
14428,Monroe County,Monroe County,132436000,51,132
14432,Ontario County,Ontario County,100072000,39,100
14433,"Seneca County , Wayne County",Seneca County,171382000,66,171
14435,Livingston County,Livingston County,94886800,37,95
14437,"Livingston County , Steuben County",Livingston County,321419000,124,321
14441,Yates County,Yates County,908445,0,1
14445,Monroe County,Monroe County,4930010,2,5
14450,"Monroe County , Wayne County",Monroe County,82437100,32,82
14454,Livingston County,Livingston County,131114000,51,131
14456,"Ontario County , Seneca County , Yates County",Ontario County,202045000,78,202
14462,Livingston County,Livingston County,31032600,12,31
14464,"Monroe County , Orleans County",Monroe County,79395800,31,79
14466,"Livingston County , Ontario County",Livingston County,44610400,17,45
14468,Monroe County,Monroe County,137467000,53,137
14469,Ontario County,Ontario County,170823000,66,171
14470,"Monroe County , Orleans County",Monroe County,166045000,64,166
14471,"Livingston County , Ontario County",Livingston County,70268500,27,70
14472,"Livingston County , Monroe County , Ontario County",Livingston County,113217000,44,113
14478,Yates County,Yates County,30311200,12,30
14480,Livingston County,Livingston County,3351840,1,3
14481,Livingston County,Livingston County,61560900,24,62
14482,"Genesee County , Livingston County , Monroe County",Genesee County,151538000,59,152
14485,"Livingston County , Ontario County",Livingston County,91548100,35,92
14486,Livingston County,Livingston County,14590500,6,15
14487,"Livingston County , Ontario County",Livingston County,86513800,33,87
14489,"Ontario County , Seneca County , Wayne County",Ontario County,175222000,68,175
14502,"Monroe County , Wayne County",Monroe County,96611500,37,97
14504,Ontario County,Ontario County,2946900,1,3
14505,Wayne County,Wayne County,102573000,40,103
14510,Livingston County,Livingston County,181085000,70,181
14512,"Ontario County , Steuben County , Yates County",Ontario County,266150000,103,266
14513,"Ontario County , Wayne County",Ontario County,121481000,47,121
14516,Wayne County,Wayne County,73363800,28,73
14517,Livingston County,Livingston County,88409300,34,88
14519,"Monroe County , Wayne County",Monroe County,105647000,41,106
14521,Seneca County,Seneca County,97891400,38,98
14522,"Ontario County , Wayne County",Ontario County,121241000,47,121
14525,"Genesee County , Livingston County , Wyoming County",Genesee County,118118000,46,118
14527,Yates County,Yates County,350774000,135,351
14530,Wyoming County,Wyoming County,127684000,49,128
14532,"Ontario County , Seneca County",Ontario County,105266000,41,105
14533,"Livingston County , Wyoming County",Livingston County,83234800,32,83
14534,"Monroe County , Ontario County",Monroe County,83726200,32,84
14537,Ontario County,Ontario County,876090,0,1
14539,Livingston County,Livingston County,548223,0,1
14541,Seneca County,Seneca County,127483000,49,127
14544,"Ontario County , Yates County",Ontario County,73124600,28,73
14545,Livingston County,Livingston County,3716760,1,4
14546,Monroe County,Monroe County,88473600,34,88
14548,Ontario County,Ontario County,77896800,30,78
14550,Wyoming County,Wyoming County,51804300,20,52
14551,Wayne County,Wayne County,113158000,44,113
14555,Wayne County,Wayne County,8123080,3,8
14559,Monroe County,Monroe County,110117000,43,110
14560,"Livingston County , Ontario County",Livingston County,100587000,39,101
14561,"Ontario County , Yates County",Ontario County,134359000,52,134
14564,"Monroe County , Ontario County",Monroe County,109045000,42,109
14569,Wyoming County,Wyoming County,197585000,76,198
14572,"Livingston County , Steuben County",Livingston County,193555000,75,194
14580,"Monroe County , Wayne County",Monroe County,110323000,43,110
14589,Wayne County,Wayne County,113470000,44,113
14590,Wayne County,Wayne County,174903000,68,175
14591,"Genesee County , Wyoming County",Genesee County,104665000,40,105
14592,Livingston County,Livingston County,431978,0,0
14604,Monroe County,Monroe County,946704,0,1
14605,Monroe County,Monroe County,4683400,2,5
14606,Monroe County,Monroe County,25174100,10,25
14607,Monroe County,Monroe County,4360330,2,4
14608,Monroe County,Monroe County,4518240,2,5
14609,Monroe County,Monroe County,18781900,7,19
14610,Monroe County,Monroe County,11259800,4,11
14611,Monroe County,Monroe County,7496800,3,7
14612,Monroe County,Monroe County,44225500,17,44
14613,Monroe County,Monroe County,4731260,2,5
14614,Monroe County,Monroe County,628921,0,1
14615,Monroe County,Monroe County,14999100,6,15
14616,Monroe County,Monroe County,15391100,6,15
14617,Monroe County,Monroe County,19890600,8,20
14618,Monroe County,Monroe County,25012200,10,25
14619,Monroe County,Monroe County,3771170,1,4
14620,Monroe County,Monroe County,11613700,4,12
14621,Monroe County,Monroe County,10679000,4,11
14622,Monroe County,Monroe County,11934900,5,12
14623,Monroe County,Monroe County,49424100,19,49
14624,Monroe County,Monroe County,72337700,28,72
14625,Monroe County,Monroe County,19789300,8,20
14626,Monroe County,Monroe County,35287500,14,35
14627,Monroe County,Monroe County,398890,0,0
14701,Chautauqua County,Chautauqua County,239272000,92,239
14706,Cattaraugus County,Cattaraugus County,204049000,79,204
14709,Allegany County,Allegany County,130972000,51,131
14711,Allegany County,Allegany County,103555000,40,104
14712,Chautauqua County,Chautauqua County,67409500,26,67
14715,Allegany County,Allegany County,112494000,43,112
14716,Chautauqua County,Chautauqua County,32107100,12,32
14718,Chautauqua County,Chautauqua County,85416300,33,85
14719,Cattaraugus County,Cattaraugus County,244317000,94,244
14720,Chautauqua County,Chautauqua County,634847,0,1
14722,Chautauqua County,Chautauqua County,858249,0,1
14723,Chautauqua County,Chautauqua County,112001000,43,112
14727,"Allegany County , Cattaraugus County",Allegany County,281533000,109,282
14731,Cattaraugus County,Cattaraugus County,118642000,46,119
14733,Chautauqua County,Chautauqua County,71799900,28,72
14735,"Allegany County , Wyoming County",Allegany County,214621000,83,215
14737,Cattaraugus County,Cattaraugus County,285524000,110,286
14738,"Cattaraugus County , Chautauqua County",Cattaraugus County,170434000,66,170
14739,Allegany County,Allegany County,204986000,79,205
14744,Allegany County,Allegany County,45143800,17,45
14747,"Cattaraugus County , Chautauqua County",Cattaraugus County,112741000,44,113
14748,Cattaraugus County,Cattaraugus County,46367200,18,46
14750,Chautauqua County,Chautauqua County,28745100,11,29
14753,Cattaraugus County,Cattaraugus County,142509000,55,143
14755,Cattaraugus County,Cattaraugus County,195275000,75,195
14757,Chautauqua County,Chautauqua County,119619000,46,120
14760,Cattaraugus County,Cattaraugus County,164347000,63,164
14767,Chautauqua County,Chautauqua County,138165000,53,138
14769,Chautauqua County,Chautauqua County,23612100,9,24
14770,"Allegany County , Cattaraugus County",Allegany County,76684800,30,77
14772,Cattaraugus County,Cattaraugus County,191304000,74,191
14774,Allegany County,Allegany County,461338,0,0
14775,Chautauqua County,Chautauqua County,139959000,54,140
14777,Allegany County,Allegany County,37177300,14,37
14778,Cattaraugus County,Cattaraugus County,1076110,0,1
14779,Cattaraugus County,Cattaraugus County,291889000,113,292
14781,Chautauqua County,Chautauqua County,188068000,73,188
14782,Chautauqua County,Chautauqua County,142328000,55,142
14787,Chautauqua County,Chautauqua County,108798000,42,109
14788,Cattaraugus County,Cattaraugus County,545003,0,1
14801,Steuben County,Steuben County,281411000,109,281
14802,Allegany County,Allegany County,2694190,1,3
14803,"Allegany County , Steuben County",Allegany County,64552100,25,65
14804,"Allegany County , Steuben County",Allegany County,144719000,56,145
14806,"Allegany County , Steuben County",Allegany County,178016000,69,178
14807,"Allegany County , Steuben County",Allegany County,175203000,68,175
14809,Steuben County,Steuben County,144351000,56,144
14810,Steuben County,Steuben County,312850000,121,313
14813,Allegany County,Allegany County,157509000,61,158
14814,"Chemung County , Steuben County",Chemung County,22291300,9,22
14816,Chemung County,Chemung County,9975060,4,10
14818,Schuyler County,Schuyler County,96595900,37,97
14821,Steuben County,Steuben County,140524000,54,141
14822,"Allegany County , Livingston County",Allegany County,128107000,49,128
14823,Steuben County,Steuben County,200849000,78,201
14826,Steuben County,Steuben County,157542000,61,158
14827,Steuben County,Steuben County,233078,0,0
14830,"Chemung County , Steuben County",Chemung County,232758000,90,233
14836,"Allegany County , Livingston County",Allegany County,77613000,30,78
14837,"Schuyler County , Steuben County , Yates County",Schuyler County,206377000,80,206
14838,Chemung County,Chemung County,93327000,36,93
14840,"Schuyler County , Steuben County",Schuyler County,152430000,59,152
14843,"Allegany County , Steuben County",Allegany County,260486000,101,260
14845,Chemung County,Chemung County,206760000,80,207
14846,"Allegany County , Livingston County",Allegany County,88472700,34,88
14847,Seneca County,Seneca County,100938000,39,101
14850,Tompkins County,Tompkins County,326232000,126,326
14853,Tompkins County,Tompkins County,611084,0,1
14860,Seneca County,Seneca County,54357500,21,54
14864,"Chemung County , Schuyler County",Chemung County,32250900,12,32
14865,Schuyler County,Schuyler County,51653500,20,52
14867,Tompkins County,Tompkins County,173709000,67,174
14869,Schuyler County,Schuyler County,52205400,20,52
14870,"Schuyler County , Steuben County",Schuyler County,158768000,61,159
14871,"Chemung County , Steuben County",Chemung County,148083000,57,148
14872,Chemung County,Chemung County,16652400,6,17
14873,Steuben County,Steuben County,191366000,74,191
14879,Steuben County,Steuben County,111681000,43,112
14880,Allegany County,Allegany County,142629000,55,143
14883,"Tioga County , Tompkins County",Tioga County,186971000,72,187
14886,"Schuyler County , Seneca County , Tompkins County",Schuyler County,201012000,78,201
14889,"Chemung County , Schuyler County , Tioga County",Chemung County,116419000,45,116
14891,Schuyler County,Schuyler County,135112000,52,135
14892,"Chemung County , Tioga County",Chemung County,111048000,43,111
14894,Chemung County,Chemung County,29204700,11,29
14895,Allegany County,Allegany County,294154000,114,294
14901,Chemung County,Chemung County,96791400,37,97
14903,Chemung County,Chemung County,54026700,21,54
14904,Chemung County,Chemung County,14548800,6,15
14905,Chemung County,Chemung County,10790300,4,11
